{"0.4497145940471954":{"user_id":1},"0.822307192864663":{"user_id":1},"0.8748123181563134":{"user_id":1},"0.05884957069795704":{"user_id":1},"0.06603481842681513":{"user_id":1},"0.9769249302516865":{"user_id":1}}